{
  "project_info": {
    "project_number": "151422056888",
    "project_id": "flock-focus-app",
    "storage_bucket": "flock-focus-app.appspot.com"
  },
  "client": [
    {
      "client_info": {
        "mobilesdk_app_id": "1:151422056888:android:bda924da61005a63c7774d",
        "android_client_info": {
          "package_name": "com.example.flockfocus_app"
        }
      },
      "oauth_client": [],
      "api_key": [
        {
          "current_key": "AIzaSyCRCdoKvYgmihc7TVEuJUVgpTNC5dbApw4"
        }
      ],
      "services": {
        "appinvite_service": {
          "other_platform_oauth_client": []
        }
      }
    }
  ],
  "configuration_version": "1"
}